id,name,email,gender,salary.00
1,Batholomew Voase,bvoase0@ox.ac.uk,Male,4251.00
2,Perri Boog,pboog1@acquirethisname.com,Female,3261.00
3,Gussie Olerenshaw,golerenshaw2@ucoz.com,Female,2878.00
4,Loraine Matthias,lmatthias3@mail.ru,Female,5682.00
5,Basia Drissell,bdrissell4@slate.com,Female,2728.00
6,Aryn Jervoise,ajervoise5@linkedin.com,Female,4947.00
7,Randal Plewright,rplewright6@intel.com,Male,3861.00
8,Mignonne Birtles,mbirtles7@ask.com,Female,2497.00
9,Kirby Melbourn,kmelbourn8@netlog.com,Male,2699.00
10,Berkie Regelous,bregelous9@baidu.com,Male,2078.00
11,Burl Aingel,baingela@tinyurl.com,Male,5208.00
12,Jacquenette Oswal,joswalb@ebay.com,Female,4304.00
13,Kyle Cardinale,kcardinalec@dailymail.co.uk,Male,3284.00
14,Immanuel Favey,ifaveyd@mail.ru,Male,3500.00
15,Jerrome Antoniewicz,jantoniewicze@abc.net.au,Male,5965.00
16,Iorgos Lanchbury,ilanchburyf@vinaora.com,Male,4417.00
17,Kermie Chidwick,kchidwickg@omniture.com,Male,2950.00
18,Cesare Carlin,ccarlinh@exblog.jp,Male,5559.00
19,Maia Georgel,mgeorgeli@posterous.com,Female,4097.00
20,Ardyce Odo,aodoj@webeden.co.uk,Female,5635.00
21,Tanny Bondy,tbondyk@weebly.com,Male,4493.00
22,Benjy McMillan,bmcmillanl@paypal.com,Male,4967.00
23,Jackelyn Jentin,jjentinm@cornell.edu,Female,6661.00
24,Arly Gregoire,agregoiren@cafepress.com,Female,6475.00
25,Demetris Summersett,dsummersetto@networksolutions.com,Male,2019.00
26,Elyssa Luter,eluterp@who.int,Female,6035.00
27,Eunice Cathrae,ecathraeq@jigsy.com,Female,2943.00
28,Jewelle Ridley,jridleyr@scribd.com,Female,6495.00
29,Barbe Conichie,bconichies@slashdot.org,Female,2560.00
30,Hatty Bracci,hbraccit@typepad.com,Female,6487.00
31,Wendall Gwynn,wgwynnu@businessinsider.com,Male,5018.00
32,Bale Pablo,bpablov@spiegel.de,Male,3866.00
33,Brennen Izakson,bizaksonw@bloglovin.com,Male,3077.00
34,Dedra Riddington,driddingtonx@pcworld.com,Female,5971.00
35,Dodi Erni,derniy@paypal.com,Female,6241.00
36,Geoffry Esgate,gesgatez@angelfire.com,Male,6929.00
37,Sherm Stilgoe,sstilgoe10@flickr.com,Male,2938.00
38,Bran Baurerich,bbaurerich11@domainmarket.com,Male,4833.00
39,Corine Gillatt,cgillatt12@gov.uk,Female,4459.00
40,Dasya Fley,dfley13@photobucket.com,Female,6579.00
41,Otha Derl,oderl14@angelfire.com,Female,2466.00
42,Paddy Curnnok,pcurnnok15@nsw.gov.au,Male,3192.00
43,Noah Coger,ncoger16@discovery.com,Male,6801.00
44,Shep Urridge,surridge17@guardian.co.uk,Male,4693.00
45,Horatia Klimmek,hklimmek18@flickr.com,Female,6724.00
46,Bent Thurgood,bthurgood19@bbc.co.uk,Male,2596.00
47,Aubry Dukesbury,adukesbury1a@linkedin.com,Female,5670.00
48,Rutledge Norley,rnorley1b@netscape.com,Male,5794.00
49,Lanie Boffin,lboffin1c@boston.com,Male,4729.00
50,Jacki Perrycost,jperrycost1d@xing.com,Female,2467.00
51,Blakeley Lightman,blightman1e@clickbank.net,Female,2412.00
52,Doloritas Teaser,dteaser1f@ameblo.jp,Female,3588.00
53,Jorry Yoskowitz,jyoskowitz1g@state.tx.us,Female,5562.00
54,Nevil Dallon,ndallon1h@networksolutions.com,Male,4772.00
55,Meredith Frear,mfrear1i@merriam-webster.com,Male,4336.00
56,Lynnette Dartan,ldartan1j@digg.com,Female,3445.00
57,Camilla Colquit,ccolquit1k@alibaba.com,Female,6175.00
58,Fidel Walklate,fwalklate1l@bravesites.com,Male,6539.00
59,Brooke Feasley,bfeasley1m@biglobe.ne.jp,Male,3415.00
60,Cobby Slimmon,cslimmon1n@google.com.au,Male,3555.00
61,Bone Polden,bpolden1o@privacy.gov.au,Male,5897.00
62,Sheffie Sudell,ssudell1p@nymag.com,Male,3717.00
63,Nicolina Pencost,npencost1q@paypal.com,Female,4552.00
64,Oralia Dorracott,odorracott1r@webeden.co.uk,Female,4506.00
65,Bobbye Haggeth,bhaggeth1s@berkeley.edu,Female,5167.00
66,Trish Orchard,torchard1t@hatena.ne.jp,Female,6438.00
67,Harlan Dubarry,hdubarry1u@psu.edu,Male,2951.00
68,Kassey Hugett,khugett1v@cnet.com,Female,2759.00
69,Monah Rastall,mrastall1w@phpbb.com,Female,2658.00
70,Cary Curless,ccurless1x@bbb.org,Female,5071.00
71,Rosette Guilloton,rguilloton1y@w3.org,Female,2837.00
72,Bryn O'Donoghue,bodonoghue1z@unesco.org,Female,4172.00
73,Rustin Phillp,rphillp20@goo.gl,Male,6833.00
74,Enoch Turneux,eturneux21@cbsnews.com,Male,2164.00
75,Obadias De Marchi,ode22@dailymail.co.uk,Male,6437.00
76,Emyle Baker,ebaker23@myspace.com,Female,4947.00
77,Weider Crocetto,wcrocetto24@slashdot.org,Male,5655.00
78,Kelsey Innis,kinnis25@jiathis.com,Female,3235.00
79,Lucian Lockney,llockney26@e-recht24.de,Male,3835.00
80,Barron Stollenhof,bstollenhof27@gov.uk,Male,6040.00
81,Alfredo Vedmore,avedmore28@usgs.gov,Male,5982.00
82,Roanne Bovis,rbovis29@indiatimes.com,Female,4002.00
83,Gram McGonnell,gmcgonnell2a@blogtalkradio.com,Male,4042.00
84,Tally Delue,tdelue2b@biblegateway.com,Male,5873.00
85,Jeanelle Jelkes,jjelkes2c@parallels.com,Female,2360.00
86,Bernie Coram,bcoram2d@themeforest.net,Female,4549.00
87,Kathryne Cruz,kcruz2e@nsw.gov.au,Female,4930.00
88,Auberon Heatlie,aheatlie2f@multiply.com,Male,2530.00
89,Consuela Wiltshier,cwiltshier2g@dagondesign.com,Female,2706.00
90,Fons Nutty,fnutty2h@photobucket.com,Male,4751.00
91,Addie Nibloe,anibloe2i@1688.com,Male,3438.00
92,Olvan Furley,ofurley2j@usatoday.com,Male,4307.00
93,Meta Birtchnell,mbirtchnell2k@sfgate.com,Female,6818.00
94,Marcy Cumpsty,mcumpsty2l@google.nl,Female,5920.00
95,Bil Grumbridge,bgrumbridge2m@phoca.cz,Male,2335.00
96,Maryjo Kermannes,mkermannes2n@usatoday.com,Female,6845.00
97,Olag Minthorpe,ominthorpe2o@state.gov,Male,4405.00
98,Delphinia Hovington,dhovington2p@amazon.de,Female,4258.00
99,Gisela Castelletto,gcastelletto2q@paypal.com,Female,6192.00
100,Corine Futty,cfutty2r@imageshack.us,Female,2191.00
101,Angele Syms,asyms2s@merriam-webster.com,Female,5956.00
102,Stinky Aberdein,saberdein2t@live.com,Male,5706.00
103,Town Scotland,tscotland2u@theglobeandmail.com,Male,6385.00
104,Chad Bourget,cbourget2v@bandcamp.com,Female,4043.00
105,Rogers Flaxman,rflaxman2w@deliciousdays.com,Male,3587.00
106,Abagail Faircliff,afaircliff2x@abc.net.au,Female,2245.00
107,Zola Hurworth,zhurworth2y@disqus.com,Female,3293.00
108,Marthe McCarlich,mmccarlich2z@nifty.com,Female,2891.00
109,Brena Jurasz,bjurasz30@sourceforge.net,Female,6254.00
110,Cirillo Filipczynski,cfilipczynski31@salon.com,Male,6773.00
111,Edlin Baldacchi,ebaldacchi32@pen.io,Male,2067.00
112,Clint Clements,cclements33@dailymotion.com,Male,4534.00
113,Tally Ebben,tebben34@techcrunch.com,Male,6344.00
114,Barron Maruszewski,bmaruszewski35@engadget.com,Male,5240.00
115,Paulie Slatcher,pslatcher36@weebly.com,Male,2060.00
116,Fancie Blackbrough,fblackbrough37@bloomberg.com,Female,2742.00
117,Nathalia Bauldrey,nbauldrey38@gnu.org,Female,6596.00
118,Derrick Cruikshank,dcruikshank39@taobao.com,Male,3690.00
119,Teddie Luckwell,tluckwell3a@amazon.de,Male,5545.00
120,Calypso Yakobowitch,cyakobowitch3b@usatoday.com,Female,5585.00
121,Malachi Jansie,mjansie3c@seesaa.net,Male,4176.00
122,Raina Menham,rmenham3d@ocn.ne.jp,Female,3421.00
123,Janot Float,jfloat3e@gravatar.com,Female,5904.00
124,Heywood Bownas,hbownas3f@issuu.com,Male,5909.00
125,Agace Hansard,ahansard3g@pen.io,Female,3471.00
126,Lizabeth Thomtson,lthomtson3h@cbc.ca,Female,5109.00
127,Waverly Boller,wboller3i@infoseek.co.jp,Male,2894.00
128,Earvin Peeke,epeeke3j@npr.org,Male,2588.00
129,Herbert Faulkner,hfaulkner3k@nps.gov,Male,5013.00
130,Marianne Faiers,mfaiers3l@dot.gov,Female,3512.00
131,Robby Labrenz,rlabrenz3m@tmall.com,Female,3778.00
132,Quill Phoebe,qphoebe3n@craigslist.org,Male,6638.00
133,Itch Bercevelo,ibercevelo3o@multiply.com,Male,6091.00
134,Hodge Mort,hmort3p@xing.com,Male,3710.00
135,Rory Deaves,rdeaves3q@mail.ru,Male,2299.00
136,Dedra Aronow,daronow3r@constantcontact.com,Female,4958.00
137,Kristyn Racher,kracher3s@economist.com,Female,3974.00
138,Rriocard Pruvost,rpruvost3t@ted.com,Male,5792.00
139,Sigismundo McMains,smcmains3u@freewebs.com,Male,5442.00
140,Quinn McBratney,qmcbratney3v@ameblo.jp,Female,6784.00
141,Lorianna Ponder,lponder3w@angelfire.com,Female,5216.00
142,Kasper Frisel,kfrisel3x@admin.ch,Male,6511.00
143,Vivianna Manneville,vmanneville3y@pbs.org,Female,4850.00
144,Etan Postgate,epostgate3z@webs.com,Male,5748.00
145,Alexio Stagge,astagge40@digg.com,Male,3000.00
146,Ealasaid Sage,esage41@ifeng.com,Female,4832.00
147,Bethany Mulbry,bmulbry42@irs.gov,Female,3615.00
148,Ignaz Bampford,ibampford43@nymag.com,Male,6516.00
149,Sarene Dabling,sdabling44@webeden.co.uk,Female,4497.00
150,Melonie Darbishire,mdarbishire45@jalbum.net,Female,2233.00
151,Philis Lukock,plukock46@mapquest.com,Female,2845.00
152,Fanechka Finan,ffinan47@cloudflare.com,Female,3429.00
153,Lars Kinkaid,lkinkaid48@smugmug.com,Male,6303.00
154,Geraldine Draude,gdraude49@yahoo.com,Female,2294.00
155,Sabra Adamov,sadamov4a@chicagotribune.com,Female,5499.00
156,Adamo Major,amajor4b@wp.com,Male,4403.00
157,Adiana Kemmons,akemmons4c@clickbank.net,Female,5266.00
158,Dwayne Stoffer,dstoffer4d@timesonline.co.uk,Male,3199.00
159,Bernie Marritt,bmarritt4e@networkadvertising.org,Female,3467.00
160,Vincent Maxwell,vmaxwell4f@mapquest.com,Male,4605.00
161,Yorgos Jedrzejewicz,yjedrzejewicz4g@1und1.de,Male,5186.00
162,Annabell Nelmes,anelmes4h@bigcartel.com,Female,2910.00
163,Viki Trafford,vtrafford4i@mlb.com,Female,5501.00
164,Una Havile,uhavile4j@amazon.co.jp,Female,4251.00
165,Allix Kellett,akellett4k@wikia.com,Female,6240.00
166,Alejandrina Lambourne,alambourne4l@psu.edu,Female,4366.00
167,Nadya Midgley,nmidgley4m@utexas.edu,Female,6166.00
168,Hillier Brundle,hbrundle4n@multiply.com,Male,3740.00
169,Katheryn Cousin,kcousin4o@com.com,Female,4343.00
170,Elly Jacobsohn,ejacobsohn4p@economist.com,Female,3843.00
171,Hastings D'Antonio,hdantonio4q@loc.gov,Male,6198.00
172,Derry Bentje,dbentje4r@earthlink.net,Male,6081.00
173,Blair Dellenbrook,bdellenbrook4s@netscape.com,Male,6714.00
174,Nesta Easun,neasun4t@youtube.com,Female,6549.00
175,Karil Hargitt,khargitt4u@wix.com,Female,4824.00
176,Terrance McMeekin,tmcmeekin4v@businessinsider.com,Male,5298.00
177,Tyson Starr,tstarr4w@photobucket.com,Male,6343.00
178,Layney St. Aubyn,lst4x@aboutads.info,Female,5444.00
179,Gav Iwaszkiewicz,giwaszkiewicz4y@imageshack.us,Male,6197.00
180,Martguerita Belfield,mbelfield4z@huffingtonpost.com,Female,4904.00
181,Petunia Haeslier,phaeslier50@weather.com,Female,5442.00
182,Karine Landreth,klandreth51@boston.com,Female,3838.00
183,Phyllis Jimmison,pjimmison52@taobao.com,Female,6568.00
184,Shaw Portt,sportt53@huffingtonpost.com,Male,5244.00
185,Jarvis Andrich,jandrich54@friendfeed.com,Male,2791.00
186,Nap Klimke,nklimke55@washington.edu,Male,5019.00
187,Sharron Yurinov,syurinov56@nyu.edu,Female,4381.00
188,Tiebout Bonsul,tbonsul57@g.co,Male,4415.00
189,Roldan Brewster,rbrewster58@ovh.net,Male,6627.00
190,Noell Brookwell,nbrookwell59@merriam-webster.com,Female,5368.00
191,Liva O'Kynsillaghe,lokynsillaghe5a@bravesites.com,Female,2114.00
192,Nikolia Latimer,nlatimer5b@arstechnica.com,Female,5111.00
193,Rube Baszniak,rbaszniak5c@craigslist.org,Male,2687.00
194,Liam Barrand,lbarrand5d@kickstarter.com,Male,5778.00
195,Inness Bettaney,ibettaney5e@earthlink.net,Male,6733.00
196,Sioux Dowda,sdowda5f@utexas.edu,Female,5207.00
197,Gerald Baldassi,gbaldassi5g@spotify.com,Male,2333.00
198,Minda Smitherham,msmitherham5h@sakura.ne.jp,Female,4100.00
199,Catharina Anshell,canshell5i@example.com,Female,6002.00
200,Lilah Dalton,ldalton5j@bloglovin.com,Female,5069.00
201,Lynnet Drinkhill,ldrinkhill5k@ow.ly,Female,5702.00
202,Licha Sargent,lsargent5l@cafepress.com,Female,5208.00
203,Maisey Schimank,mschimank5m@apple.com,Female,2454.00
204,Ann-marie Meaders,ameaders5n@quantcast.com,Female,5914.00
205,Lissa Bonicelli,lbonicelli5o@exblog.jp,Female,6949.00
206,Pearle Garrood,pgarrood5p@harvard.edu,Female,3521.00
207,Rufe Schneider,rschneider5q@studiopress.com,Male,6850.00
208,Jannelle Tyler,jtyler5r@techcrunch.com,Female,6028.00
209,Brenden Lammie,blammie5s@cam.ac.uk,Male,3686.00
210,Geraldine Shapero,gshapero5t@loc.gov,Female,5123.00
211,D'arcy Castells,dcastells5u@marketwatch.com,Male,4742.00
212,Wolfgang Woodward,wwoodward5v@netvibes.com,Male,3624.00
213,Rowan Matveichev,rmatveichev5w@meetup.com,Male,5124.00
214,Cthrine Farry,cfarry5x@clickbank.net,Female,6394.00
215,Isaak Gullis,igullis5y@thetimes.co.uk,Male,4223.00
216,Jewel Budleigh,jbudleigh5z@comsenz.com,Female,6884.00
217,North Beale,nbeale60@arstechnica.com,Male,3376.00
218,Clare Gaskell,cgaskell61@indiatimes.com,Female,4922.00
219,Evanne Collcott,ecollcott62@live.com,Female,5483.00
220,Tammie Scholtis,tscholtis63@npr.org,Male,6896.00
221,Costanza Mees,cmees64@addthis.com,Female,5925.00
222,Tim McDonnell,tmcdonnell65@archive.org,Male,5880.00
223,Lee Canner,lcanner66@addthis.com,Male,6111.00
224,Grace Clabburn,gclabburn67@epa.gov,Female,6714.00
225,Deanne Bathoe,dbathoe68@dailymotion.com,Female,2418.00
226,Millie Harwood,mharwood69@arstechnica.com,Female,5656.00
227,Beniamino Hudless,bhudless6a@devhub.com,Male,4078.00
228,Clemens Luckings,cluckings6b@reference.com,Male,2750.00
229,Brandice Bridgewater,bbridgewater6c@latimes.com,Female,6973.00
230,Theo Lademann,tlademann6d@vk.com,Female,6280.00
231,Perla Loder,ploder6e@vk.com,Female,5254.00
232,Gardner Yarranton,gyarranton6f@scientificamerican.com,Male,4442.00
233,Catharine Gaynesford,cgaynesford6g@wsj.com,Female,4087.00
234,Robbin Cail,rcail6h@skype.com,Female,3019.00
235,Silvan Wrist,swrist6i@ft.com,Male,3414.00
236,Fanchon Donett,fdonett6j@nydailynews.com,Female,4328.00
237,Kristi Atthowe,katthowe6k@privacy.gov.au,Female,5908.00
238,Marielle Simukov,msimukov6l@bizjournals.com,Female,6653.00
239,Othilia Moen,omoen6m@freewebs.com,Female,3818.00
240,Aubine Batie,abatie6n@weibo.com,Female,3289.00
241,Krysta Francescoccio,kfrancescoccio6o@tripod.com,Female,4043.00
242,Layney Huster,lhuster6p@google.com,Female,6422.00
243,Ezri Mallindine,emallindine6q@rediff.com,Male,3369.00
244,Lammond Tremollet,ltremollet6r@cafepress.com,Male,3659.00
245,Lacy Trobridge,ltrobridge6s@ibm.com,Female,5938.00
246,Gerta MacMarcuis,gmacmarcuis6t@shinystat.com,Female,2334.00
247,Georgie Eymor,geymor6u@cpanel.net,Female,3969.00
248,Derrick Cometto,dcometto6v@sakura.ne.jp,Male,6472.00
249,Crissie Collelton,ccollelton6w@friendfeed.com,Female,5831.00
250,Brenna Cribbin,bcribbin6x@va.gov,Female,4796.00
251,Hubie Entwisle,hentwisle6y@people.com.cn,Male,2017.00
252,Avis MacConnell,amacconnell6z@privacy.gov.au,Female,2451.00
253,Jillane Bixley,jbixley70@desdev.cn,Female,6000.00
254,Raye Adds,radds71@thetimes.co.uk,Female,2388.00
255,Theobald Nibloe,tnibloe72@com.com,Male,2729.00
256,Worthy Edy,wedy73@microsoft.com,Male,6774.00
257,Jean Nugent,jnugent74@desdev.cn,Female,4461.00
258,Ange Haseldine,ahaseldine75@technorati.com,Male,4332.00
259,Dov Ivashnikov,divashnikov76@biblegateway.com,Male,6025.00
260,Letta Valente,lvalente77@elegantthemes.com,Female,5163.00
261,Base Leaf,bleaf78@theatlantic.com,Male,6361.00
262,Ezri Busch,ebusch79@cnet.com,Male,3153.00
263,Doug Griffith,dgriffith7a@homestead.com,Male,6888.00
264,Bree Ciabatteri,bciabatteri7b@cyberchimps.com,Female,2827.00
265,Perry Cozzi,pcozzi7c@unicef.org,Female,2155.00
266,William Van der Brug,wvan7d@w3.org,Male,6294.00
267,Anthony Catlette,acatlette7e@marriott.com,Male,4451.00
268,Patsy McTeer,pmcteer7f@gravatar.com,Female,4251.00
269,Bertie Hurll,bhurll7g@umich.edu,Male,3834.00
270,Philomena Goublier,pgoublier7h@columbia.edu,Female,2523.00
271,Liesa Libero,llibero7i@networkadvertising.org,Female,4885.00
272,Wolfy Wallage,wwallage7j@about.me,Male,2664.00
273,Durand Virgo,dvirgo7k@dion.ne.jp,Male,7000.00
274,Cash Rapkins,crapkins7l@oracle.com,Male,5601.00
275,Bernice Stops,bstops7m@dailymail.co.uk,Female,4305.00
276,Curt McNay,cmcnay7n@godaddy.com,Male,2156.00
277,Dalli Kemmer,dkemmer7o@sourceforge.net,Male,4140.00
278,Caprice Clarke,cclarke7p@1und1.de,Female,5813.00
279,Dudley Godfrey,dgodfrey7q@arizona.edu,Male,6207.00
280,Lindsy Yeo,lyeo7r@businessweek.com,Female,6341.00
281,Wilbur Bassindale,wbassindale7s@nytimes.com,Male,3992.00
282,Lilian Dews,ldews7t@bbc.co.uk,Female,5082.00
283,Orren Lorek,olorek7u@macromedia.com,Male,4747.00
284,Eolanda Burditt,eburditt7v@hp.com,Female,6635.00
285,Bellina Hesbrook,bhesbrook7w@howstuffworks.com,Female,5361.00
286,Clem Rignall,crignall7x@fotki.com,Male,2383.00
287,Sholom Coronado,scoronado7y@feedburner.com,Male,4545.00
288,Hakim Ondrousek,hondrousek7z@adobe.com,Male,5216.00
289,Cacilie Venmore,cvenmore80@homestead.com,Female,6561.00
290,Ade Winship,awinship81@tripod.com,Male,6794.00
291,Benny Elster,belster82@4shared.com,Female,4899.00
292,Aggi Esp,aesp83@fema.gov,Female,2842.00
293,Joshia Hardiker,jhardiker84@wired.com,Male,3543.00
294,Otes Tett,otett85@wunderground.com,Male,5226.00
295,Walther Blasio,wblasio86@nps.gov,Male,5074.00
296,Donielle Scirman,dscirman87@dailymotion.com,Female,4598.00
297,Kingsly Seyers,kseyers88@oaic.gov.au,Male,3586.00
298,Efren Laytham,elaytham89@amazonaws.com,Male,5560.00
299,Annalee Pavlasek,apavlasek8a@1und1.de,Female,6297.00
300,Mehetabel Gelsthorpe,mgelsthorpe8b@jimdo.com,Female,2765.00
301,Gilly Lebarree,glebarree8c@psu.edu,Female,5909.00
302,Dorolice Pettet,dpettet8d@unc.edu,Female,4961.00
303,Tome Jaffrey,tjaffrey8e@homestead.com,Male,4196.00
304,Alissa Wyer,awyer8f@1und1.de,Female,2574.00
305,Hobard Goymer,hgoymer8g@networksolutions.com,Male,5966.00
306,Yancey Christoffels,ychristoffels8h@opera.com,Male,5354.00
307,Vincent Ierland,vierland8i@i2i.jp,Male,5075.00
308,Rosita Gatherell,rgatherell8j@nationalgeographic.com,Female,3176.00
309,Enrica Barnham,ebarnham8k@prlog.org,Female,2677.00
310,Dex Delia,ddelia8l@wordpress.com,Male,4956.00
311,Bryana Forth,bforth8m@qq.com,Female,3079.00
312,Alano Luckes,aluckes8n@twitter.com,Male,2267.00
313,Bobby Ferry,bferry8o@oracle.com,Male,6787.00
314,Eliot Bickley,ebickley8p@washington.edu,Male,5962.00
315,Linell Barby,lbarby8q@dagondesign.com,Female,3833.00
316,Murry Wones,mwones8r@epa.gov,Male,3416.00
317,Lothaire Hailey,lhailey8s@youtu.be,Male,2668.00
318,Hi Byass,hbyass8t@a8.net,Male,2032.00
319,Dacia Hugett,dhugett8u@sakura.ne.jp,Female,4183.00
320,Emmalynn Clarke-Williams,eclarkewilliams8v@reuters.com,Female,2743.00
321,Culley Cron,ccron8w@psu.edu,Male,6085.00
322,Caye Akister,cakister8x@lycos.com,Female,3512.00
323,Jerrold Gommowe,jgommowe8y@list-manage.com,Male,3875.00
324,Willyt Hillyatt,whillyatt8z@npr.org,Female,6055.00
325,Analiese Lewis,alewis90@xing.com,Female,3469.00
326,Cris Branche,cbranche91@ezinearticles.com,Male,5968.00
327,Clarice Thomas,cthomas92@angelfire.com,Female,3878.00
328,Marlowe Wolpert,mwolpert93@java.com,Male,5754.00
329,Kassi Kenealy,kkenealy94@comcast.net,Female,5449.00
330,Corinne Leel,cleel95@chronoengine.com,Female,6963.00
331,Maitilde Fuller,mfuller96@skype.com,Female,5567.00
332,Evvie Foxwell,efoxwell97@issuu.com,Female,4805.00
333,Cchaddie Redpath,credpath98@washingtonpost.com,Male,3077.00
334,Ingra Sandford,isandford99@deliciousdays.com,Male,6618.00
335,Lindsay Beringer,lberinger9a@weibo.com,Female,5477.00
336,Leslie Labrone,llabrone9b@walmart.com,Male,3855.00
337,Mil Whitten,mwhitten9c@paginegialle.it,Female,5504.00
338,Vachel Nisen,vnisen9d@furl.net,Male,5369.00
339,Ellis Jentin,ejentin9e@soup.io,Male,5333.00
340,Kania Sebring,ksebring9f@salon.com,Female,4022.00
341,Bili Nice,bnice9g@apache.org,Female,6600.00
342,Nyssa Aimer,naimer9h@ebay.com,Female,2610.00
343,Benyamin Daughtrey,bdaughtrey9i@issuu.com,Male,6400.00
344,Carolina Kornel,ckornel9j@miitbeian.gov.cn,Female,4497.00
345,Ricki Trimnell,rtrimnell9k@jigsy.com,Female,5393.00
346,Kayley Dewen,kdewen9l@ask.com,Female,6574.00
347,Randolph O'Fergus,rofergus9m@aboutads.info,Male,4901.00
348,Wilow Kain,wkain9n@senate.gov,Female,2170.00
349,Carleen Martin,cmartin9o@msn.com,Female,3980.00
350,Georgianna Valero,gvalero9p@nature.com,Female,4826.00
351,Nichols Jacqueme,njacqueme9q@eventbrite.com,Male,4747.00
352,Dario Kitchiner,dkitchiner9r@tinypic.com,Male,2033.00
353,Jana Sawbridge,jsawbridge9s@rambler.ru,Female,2848.00
354,Farly Brogden,fbrogden9t@friendfeed.com,Male,4307.00
355,Ashley Genese,agenese9u@wikia.com,Male,2870.00
356,Sofia Kedwell,skedwell9v@nps.gov,Female,2433.00
357,Munmro Giaomozzo,mgiaomozzo9w@devhub.com,Male,5042.00
358,Corny Wardlow,cwardlow9x@wikipedia.org,Female,6892.00
359,Roselin Youthed,ryouthed9y@nps.gov,Female,5459.00
360,Fey Sheaber,fsheaber9z@webmd.com,Female,3882.00
361,Dore Kimble,dkimblea0@acquirethisname.com,Male,2563.00
362,Tan Yaxley,tyaxleya1@tinypic.com,Male,2676.00
363,Jeri Sjostrom,jsjostroma2@infoseek.co.jp,Female,2094.00
364,Sean Cess,scessa3@netvibes.com,Male,3307.00
365,Vilma Gaskin,vgaskina4@deliciousdays.com,Female,4286.00
366,Les De la Feld,ldea5@boston.com,Male,3407.00
367,Dugald Pauler,dpaulera6@hp.com,Male,3209.00
368,Garret Feedome,gfeedomea7@newyorker.com,Male,2777.00
369,Moshe Kristufek,mkristufeka8@miitbeian.gov.cn,Male,3726.00
370,Averell Gallegos,agallegosa9@linkedin.com,Male,6431.00
371,Kesley Fall,kfallaa@amazonaws.com,Female,4120.00
372,Aviva Fealy,afealyab@bloglovin.com,Female,3106.00
373,Asa Guiso,aguisoac@netlog.com,Male,6428.00
374,Gertrud Baggally,gbaggallyad@bandcamp.com,Female,6752.00
375,Janice Gwatkin,jgwatkinae@bravesites.com,Female,3281.00
376,Germaine Dossantos,gdossantosaf@devhub.com,Female,3675.00
377,Nollie Peevor,npeevorag@bbb.org,Male,6500.00
378,Brenden Tincombe,btincombeah@vk.com,Male,5160.00
379,Nick Cohrs,ncohrsai@photobucket.com,Male,2977.00
380,Barnebas Esley,besleyaj@joomla.org,Male,6905.00
381,Hagan Cowper,hcowperak@umich.edu,Male,2211.00
382,Kyle Cotgrove,kcotgroveal@google.pl,Male,2789.00
383,Ajay Antoszczyk,aantoszczykam@edublogs.org,Female,5306.00
384,Brenna Gaishson,bgaishsonan@sogou.com,Female,3769.00
385,Nikola Cuerdale,ncuerdaleao@usnews.com,Male,4154.00
386,Dalenna Mouncey,dmounceyap@comsenz.com,Female,5199.00
387,Seumas Figures,sfiguresaq@baidu.com,Male,5825.00
388,Siffre Hunter,shunterar@umich.edu,Male,2424.00
389,Del Spight,dspightas@diigo.com,Male,3388.00
390,Jedidiah Handlin,jhandlinat@goodreads.com,Male,6591.00
391,Alice Sitch,asitchau@purevolume.com,Female,3891.00
392,Paulette Huke,phukeav@aboutads.info,Female,3914.00
393,Nettie Duffer,ndufferaw@timesonline.co.uk,Female,5934.00
394,Dasya Di Matteo,ddiax@myspace.com,Female,5279.00
395,Hoyt Featherstonehaugh,hfeatherstonehaughay@google.fr,Male,5580.00
396,Carleton Evason,cevasonaz@sbwire.com,Male,2685.00
397,Janella Targetter,jtargetterb0@theguardian.com,Female,5020.00
398,Patricia Lantuff,plantuffb1@ameblo.jp,Female,6632.00
399,Merv Youll,myoullb2@hibu.com,Male,3455.00
400,Brandi Cradduck,bcradduckb3@free.fr,Female,6268.00
401,Leon Souttar,lsouttarb4@github.io,Male,6186.00
402,Sydel Northleigh,snorthleighb5@acquirethisname.com,Female,6539.00
403,Horst Tuckley,htuckleyb6@pbs.org,Male,2754.00
404,Jinny Hasnney,jhasnneyb7@army.mil,Female,3227.00
405,Clareta Minshull,cminshullb8@theatlantic.com,Female,6313.00
406,Hunt Aloway,halowayb9@ameblo.jp,Male,3604.00
407,Stephine Redwin,sredwinba@wix.com,Female,2249.00
408,Winni Foskett,wfoskettbb@ucoz.com,Female,4317.00
409,Aldin Tonnesen,atonnesenbc@people.com.cn,Male,4092.00
410,Gram Tabour,gtabourbd@histats.com,Male,4881.00
411,Cass Pullen,cpullenbe@ebay.com,Male,6978.00
412,Caril Grime,cgrimebf@vimeo.com,Female,4759.00
413,Hope Briamo,hbriamobg@sitemeter.com,Female,5402.00
414,Ricoriki Olive,rolivebh@walmart.com,Male,3006.00
415,Hermy McTrustie,hmctrustiebi@tamu.edu,Male,5042.00
416,Hetty Stuchburie,hstuchburiebj@disqus.com,Female,4263.00
417,Electra Ticksall,eticksallbk@twitpic.com,Female,3487.00
418,Raimund Arnoll,rarnollbl@washington.edu,Male,2602.00
419,Davy Brittin,dbrittinbm@google.com.hk,Male,2470.00
420,Gretel Narrie,gnarriebn@nsw.gov.au,Female,4714.00
421,Zaneta Spenceley,zspenceleybo@redcross.org,Female,4183.00
422,Rosalia Codner,rcodnerbp@livejournal.com,Female,4223.00
423,Adam Laurand,alaurandbq@miitbeian.gov.cn,Male,4969.00
424,Juieta Tweede,jtweedebr@weather.com,Female,3042.00
425,Jim Bradtke,jbradtkebs@auda.org.au,Male,2521.00
426,Sybyl Hasnip,shasnipbt@amazonaws.com,Female,3407.00
427,Victoria Rosenblum,vrosenblumbu@paginegialle.it,Female,5100.00
428,Danny Posnett,dposnettbv@elegantthemes.com,Male,4923.00
429,Rube Belson,rbelsonbw@live.com,Male,4366.00
430,Chase Lund,clundbx@usatoday.com,Male,6064.00
431,Xavier Sneller,xsnellerby@feedburner.com,Male,2335.00
432,Ellis Kerford,ekerfordbz@sitemeter.com,Male,6190.00
433,Pauly Brightman,pbrightmanc0@imdb.com,Female,6300.00
434,Sadye Munkley,smunkleyc1@businesswire.com,Female,3280.00
435,Othilie Westmerland,owestmerlandc2@1688.com,Female,3755.00
436,Nolie Selwyn,nselwync3@netlog.com,Female,6688.00
437,Norene Caseley,ncaseleyc4@scribd.com,Female,4804.00
438,Seana Mellor,smellorc5@fastcompany.com,Female,3915.00
439,Talya Twede,ttwedec6@tinyurl.com,Female,6496.00
440,Farica Klugman,fklugmanc7@disqus.com,Female,5141.00
441,Hugues Tremmel,htremmelc8@oracle.com,Male,2360.00
442,Waverly Kesper,wkesperc9@taobao.com,Male,4288.00
443,Bartholomew Ludron,bludronca@spotify.com,Male,6353.00
444,Yale Warin,ywarincb@oaic.gov.au,Male,4016.00
445,Eveleen Thairs,ethairscc@edublogs.org,Female,4903.00
446,Sterne Davidsen,sdavidsencd@unblog.fr,Male,2372.00
447,Paulie Doige,pdoigece@archive.org,Male,3430.00
448,Maximo Hazzard,mhazzardcf@mit.edu,Male,3091.00
449,Louella Pearne,lpearnecg@admin.ch,Female,6483.00
450,Zaria Neicho,zneichoch@nature.com,Female,3567.00
451,Munmro Stonary,mstonaryci@blogs.com,Male,5812.00
452,Marcile MacUchadair,mmacuchadaircj@kickstarter.com,Female,6470.00
453,Merwin Rosi,mrosick@imgur.com,Male,3578.00
454,Rea Jacob,rjacobcl@quantcast.com,Female,6989.00
455,Dalila Tiddy,dtiddycm@zimbio.com,Female,4015.00
456,Melita Cranmore,mcranmorecn@nyu.edu,Female,2901.00
457,Shelby Ewbach,sewbachco@merriam-webster.com,Male,5505.00
458,Bard Georghiou,bgeorghioucp@psu.edu,Male,4664.00
459,Elvyn Gahan,egahancq@senate.gov,Male,3139.00
460,Cyrus Loughney,cloughneycr@flavors.me,Male,5343.00
461,Kaia Coraini,kcorainics@themeforest.net,Female,3825.00
462,Kassie MacCaughey,kmaccaugheyct@google.ca,Female,4964.00
463,Antoni Bourgourd,abourgourdcu@omniture.com,Male,6607.00
464,Marlene Spawforth,mspawforthcv@amazon.de,Female,2110.00
465,Pacorro Westnage,pwestnagecw@whitehouse.gov,Male,5903.00
466,Cahra March,cmarchcx@uiuc.edu,Female,6515.00
467,Conny Charer,ccharercy@cbc.ca,Female,2427.00
468,Catharine Clandillon,cclandilloncz@dailymail.co.uk,Female,2955.00
469,Waring Saffrin,wsaffrind0@webeden.co.uk,Male,2615.00
470,Lyndsie Ayerst,layerstd1@etsy.com,Female,5184.00
471,Zackariah Wildman,zwildmand2@skyrock.com,Male,5305.00
472,Ferrel Rasper,frasperd3@barnesandnoble.com,Male,6379.00
473,Max Brunroth,mbrunrothd4@surveymonkey.com,Male,2212.00
474,Myriam MacAlpyne,mmacalpyned5@digg.com,Female,3278.00
475,Miner De Roberto,mded6@a8.net,Male,2126.00
476,Tanya Raoult,traoultd7@utexas.edu,Female,4705.00
477,Gerhard Cropp,gcroppd8@noaa.gov,Male,2435.00
478,Caren Tailour,ctailourd9@wiley.com,Female,4438.00
479,Dulcie Crayker,dcraykerda@posterous.com,Female,2952.00
480,Baxy Papes,bpapesdb@drupal.org,Male,4122.00
481,Waylan Cisson,wcissondc@ucla.edu,Male,2514.00
482,Tristan Menicomb,tmenicombdd@sakura.ne.jp,Male,3820.00
483,Idalia Tollit,itollitde@twitpic.com,Female,3197.00
484,Collen Eighteen,ceighteendf@arizona.edu,Female,6740.00
485,Nikolai Tattersdill,ntattersdilldg@blog.com,Male,6618.00
486,Gilda Leyburn,gleyburndh@youku.com,Female,5792.00
487,Bette Clitsome,bclitsomedi@furl.net,Female,6179.00
488,Marlena Tetsall,mtetsalldj@ycombinator.com,Female,2486.00
489,Wallis Hartle,whartledk@howstuffworks.com,Male,3740.00
490,Adriena Desantis,adesantisdl@histats.com,Female,3417.00
491,Riannon Bertolin,rbertolindm@sciencedaily.com,Female,3073.00
492,Tuesday De Robertis,tdedn@gmpg.org,Female,4111.00
493,Hill Heffernon,hheffernondo@ning.com,Male,6461.00
494,Odessa Duffit,oduffitdp@shinystat.com,Female,4914.00
495,Cissy Ruddiforth,cruddiforthdq@is.gd,Female,6078.00
496,Berri Bockett,bbockettdr@is.gd,Female,6451.00
497,Diahann Whytock,dwhytockds@cnn.com,Female,6006.00
498,Nissy Riach,nriachdt@bluehost.com,Female,4002.00
499,Martita MacKenney,mmackenneydu@twitpic.com,Female,2759.00
500,Chryste Lenin,clenindv@goo.gl,Female,3799.00
501,Nicky Staries,nstariesdw@smugmug.com,Female,2256.00
502,Weylin Knoble,wknobledx@1688.com,Male,2576.00
503,Arvin Pavlovic,apavlovicdy@t-online.de,Male,6272.00
504,Terrye Letts,tlettsdz@reddit.com,Female,6103.00
505,Wake Girodias,wgirodiase0@biglobe.ne.jp,Male,6789.00
506,Val Dunnaway,vdunnawaye1@businessweek.com,Male,5385.00
507,Emmaline Londing,elondinge2@pcworld.com,Female,2045.00
508,Trish Oran,torane3@arizona.edu,Female,3653.00
509,Suzie Towner,stownere4@ftc.gov,Female,3031.00
510,Agnes Domonkos,adomonkose5@over-blog.com,Female,6202.00
511,Reid Berrane,rberranee6@usa.gov,Male,5685.00
512,Sutherlan Parradye,sparradyee7@sfgate.com,Male,5996.00
513,Ali Wayman,awaymane8@joomla.org,Female,2267.00
514,Wakefield Skentelbury,wskentelburye9@boston.com,Male,2263.00
515,Mavis Morrish,mmorrishea@nydailynews.com,Female,4559.00
516,Jo-ann Bigham,jbighameb@google.com,Female,5121.00
517,Olin Readwood,oreadwoodec@sciencedirect.com,Male,2798.00
518,Hinze Veldens,hveldensed@mozilla.org,Male,6923.00
519,Si O'Keevan,sokeevanee@theatlantic.com,Male,5826.00
520,Chandra Tyzack,ctyzackef@bluehost.com,Female,4353.00
521,Herold Humby,hhumbyeg@yellowbook.com,Male,5933.00
522,See Syalvester,ssyalvestereh@istockphoto.com,Male,3927.00
523,Eric Leece,eleeceei@cbsnews.com,Male,5371.00
524,Husain Le Grice,hleej@canalblog.com,Male,6779.00
525,Ira Molfino,imolfinoek@rakuten.co.jp,Male,5199.00
526,Norby Niezen,nniezenel@biblegateway.com,Male,5627.00
527,Thibaud Dufer,tduferem@tinypic.com,Male,3885.00
528,Felipe Demetr,fdemetren@sbwire.com,Male,3055.00
529,Cos Matousek,cmatousekeo@examiner.com,Male,5917.00
530,Merry Bilbrook,mbilbrookep@tripod.com,Male,2031.00
531,Fidole Dur,fdureq@nymag.com,Male,2185.00
532,Alfredo Brimley,abrimleyer@bizjournals.com,Male,5798.00
533,Glenn Dickey,gdickeyes@yellowbook.com,Female,6876.00
534,Haydon Napoli,hnapoliet@ask.com,Male,6396.00
535,Derril Scurlock,dscurlockeu@nbcnews.com,Male,3115.00
536,Alon Lamperti,alampertiev@rambler.ru,Male,3523.00
537,Codie Muggeridge,cmuggeridgeew@bloglovin.com,Male,4913.00
538,Ernestus Winterbourne,ewinterbourneex@simplemachines.org,Male,3960.00
539,Sebastian Kingsly,skingslyey@posterous.com,Male,2966.00
540,Heinrick Cursons,hcursonsez@behance.net,Male,3869.00
541,Keelby Tilliards,ktilliardsf0@prlog.org,Male,2078.00
542,Micheil Sirey,msireyf1@jigsy.com,Male,6375.00
543,Josee Rodenhurst,jrodenhurstf2@jimdo.com,Female,6083.00
544,Elyssa Del Castello,edelf3@yandex.ru,Female,5403.00
545,Thedrick Klimentyonok,tklimentyonokf4@histats.com,Male,4743.00
546,Cyrus Lovekin,clovekinf5@ted.com,Male,4606.00
547,Joan Antonich,jantonichf6@redcross.org,Female,3451.00
548,Ella Healy,ehealyf7@oakley.com,Female,3160.00
549,Josefa Ventom,jventomf8@ovh.net,Female,4907.00
550,Vincents Macvain,vmacvainf9@chicagotribune.com,Male,2716.00
551,Amalea Garn,agarnfa@opensource.org,Female,5896.00
552,Antonin Cahan,acahanfb@usda.gov,Male,5354.00
553,Weidar Ramsden,wramsdenfc@sfgate.com,Male,4598.00
554,Karney Darque,kdarquefd@gnu.org,Male,4341.00
555,Sam Kondrachenko,skondrachenkofe@joomla.org,Female,6392.00
556,Brent Weavers,bweaversff@zdnet.com,Male,2791.00
557,Clyde O'Fearguise,cofearguisefg@washington.edu,Male,6707.00
558,Lorrin Joberne,ljobernefh@discuz.net,Female,5582.00
559,Travis Russell,trussellfi@vk.com,Male,6097.00
560,Shelby Osgorby,sosgorbyfj@hibu.com,Male,2424.00
561,Elicia Jochens,ejochensfk@cornell.edu,Female,5228.00
562,Tallie Fernanando,tfernanandofl@flickr.com,Male,4600.00
563,Sibel Ollington,sollingtonfm@mediafire.com,Female,6458.00
564,Daphne Pounder,dpounderfn@netscape.com,Female,4537.00
565,Esteban Marini,emarinifo@github.com,Male,5158.00
566,Kelsey Canet,kcanetfp@buzzfeed.com,Female,6196.00
567,Milty Horbath,mhorbathfq@behance.net,Male,2126.00
568,Bambie Noe,bnoefr@apple.com,Female,6690.00
569,Koralle Winter,kwinterfs@spotify.com,Female,6425.00
570,Hillary Elcock,helcockft@ow.ly,Male,2990.00
571,Lindon Mears,lmearsfu@ftc.gov,Male,6944.00
572,Merna Holbie,mholbiefv@tripod.com,Female,2645.00
573,Freemon Andrivel,fandrivelfw@springer.com,Male,6997.00
574,Gerrie Rand,grandfx@boston.com,Female,5248.00
575,Allie Daviddi,adaviddify@omniture.com,Female,3266.00
576,Alberik McGirr,amcgirrfz@msu.edu,Male,4890.00
577,Rebecka McAnellye,rmcanellyeg0@examiner.com,Female,2615.00
578,Nils Dalgarnowch,ndalgarnowchg1@nih.gov,Male,3172.00
579,Franky Gumme,fgummeg2@ustream.tv,Female,6779.00
580,Elbertine Oppy,eoppyg3@sitemeter.com,Female,2328.00
581,Ewen Callicott,ecallicottg4@nba.com,Male,4064.00
582,Marlo Grimsditch,mgrimsditchg5@ibm.com,Female,5632.00
583,Lance Haffenden,lhaffendeng6@ft.com,Male,6247.00
584,Con Jopson,cjopsong7@unesco.org,Female,2147.00
585,Vera Sheppard,vsheppardg8@g.co,Female,4830.00
586,Chip Songhurst,csonghurstg9@go.com,Male,5003.00
587,Aubree Barhims,abarhimsga@freewebs.com,Female,5372.00
588,Rayna Leifer,rleifergb@statcounter.com,Female,6177.00
589,Jillana Diess,jdiessgc@discuz.net,Female,5776.00
590,Josephina Jennins,jjenninsgd@noaa.gov,Female,6395.00
591,Agnese Flindall,aflindallge@nih.gov,Female,6419.00
592,Delainey Rangall,drangallgf@issuu.com,Male,2002.00
593,Brandi Dakhov,bdakhovgg@umich.edu,Female,4805.00
594,Mendy Maving,mmavinggh@un.org,Male,5994.00
595,Vida Budgey,vbudgeygi@altervista.org,Female,6031.00
596,Eddy Medendorp,emedendorpgj@scientificamerican.com,Male,2926.00
597,Svend Harford,sharfordgk@msn.com,Male,6927.00
598,Lilli Dowderswell,ldowderswellgl@blogger.com,Female,4961.00
599,Evelyn Fantin,efantingm@harvard.edu,Male,3487.00
600,Sydney Blockey,sblockeygn@addtoany.com,Female,6984.00
601,Ariel Tarry,atarrygo@disqus.com,Male,4354.00
602,Amata McArley,amcarleygp@latimes.com,Female,4224.00
603,Julienne Nowaczyk,jnowaczykgq@issuu.com,Female,4755.00
604,Ariela Petric,apetricgr@creativecommons.org,Female,4481.00
605,Lenora Levesque,llevesquegs@mac.com,Female,5388.00
606,Nevins Loomes,nloomesgt@imgur.com,Male,6728.00
607,Clyde Brunesco,cbrunescogu@homestead.com,Male,3550.00
608,Nichole Swane,nswanegv@washington.edu,Male,3904.00
609,Lauren Maro,lmarogw@slate.com,Female,2599.00
610,Ajay McKain,amckaingx@google.ru,Female,2574.00
611,Katlin Lemin,klemingy@mediafire.com,Female,4591.00
612,Hamlin Maasz,hmaaszgz@amazonaws.com,Male,6425.00
613,Benedetto Archambault,barchambaulth0@jimdo.com,Male,6507.00
614,Orly Apthorpe,oapthorpeh1@usnews.com,Female,5236.00
615,Alfons Kingswold,akingswoldh2@angelfire.com,Male,4580.00
616,Norene Hanscombe,nhanscombeh3@google.com.au,Female,2375.00
617,Giorgi Trump,gtrumph4@dedecms.com,Male,2628.00
618,Alfi Ingrey,aingreyh5@unblog.fr,Female,3548.00
619,Pattie Brien,pbrienh6@cpanel.net,Male,5494.00
620,Zelig Skiplorne,zskiplorneh7@wordpress.com,Male,6821.00
621,Ingelbert Shervil,ishervilh8@yandex.ru,Male,3272.00
622,Normand Grubey,ngrubeyh9@blogger.com,Male,4063.00
623,John Muir,jmuirha@google.es,Male,6617.00
624,Diego Puddle,dpuddlehb@hp.com,Male,4661.00
625,Itch Dyott,idyotthc@com.com,Male,2865.00
626,Jeremy Hutchins,jhutchinshd@etsy.com,Male,2361.00
627,Celinka Chinnick,cchinnickhe@pen.io,Female,2110.00
628,Creight Gerram,cgerramhf@ox.ac.uk,Male,6569.00
629,Phil Jina,pjinahg@census.gov,Male,2237.00
630,Evaleen Fetter,efetterhh@godaddy.com,Female,4087.00
631,Padriac Barnaby,pbarnabyhi@census.gov,Male,6244.00
632,Lyn Hillan,lhillanhj@icq.com,Male,5770.00
633,Jennica Trevain,jtrevainhk@arstechnica.com,Female,5106.00
634,Mercedes Mayzes,mmayzeshl@booking.com,Female,3899.00
635,Fernandina Marielle,fmariellehm@usda.gov,Female,6718.00
636,Ilario Akid,iakidhn@ycombinator.com,Male,6937.00
637,Noell Casely,ncaselyho@deliciousdays.com,Female,6842.00
638,Nicoline Paule,npaulehp@dailymail.co.uk,Female,5674.00
639,Cash Loosemore,cloosemorehq@technorati.com,Male,6927.00
640,Inge Oddey,ioddeyhr@youku.com,Female,4405.00
641,Blakelee Luten,blutenhs@webnode.com,Female,4007.00
642,Juanita Duce,jduceht@princeton.edu,Female,6679.00
643,Jade Croucher,jcroucherhu@theatlantic.com,Female,2056.00
644,Grenville Guerrazzi,gguerrazzihv@latimes.com,Male,5971.00
645,Maurizia Longfield,mlongfieldhw@rediff.com,Female,3652.00
646,Shani Chevis,schevishx@earthlink.net,Female,6530.00
647,Stefania Syrett,ssyretthy@alexa.com,Female,2452.00
648,Kristi Beavors,kbeavorshz@gnu.org,Female,2215.00
649,Nanette Pawelczyk,npawelczyki0@theglobeandmail.com,Female,2761.00
650,Rad Skae,rskaei1@123-reg.co.uk,Male,6136.00
651,Tulley Chene,tchenei2@delicious.com,Male,6663.00
652,Karisa Hefner,khefneri3@oracle.com,Female,6806.00
653,Vilma Jansens,vjansensi4@cargocollective.com,Female,5262.00
654,Erin Matula,ematulai5@g.co,Male,3953.00
655,Rodina Swainson,rswainsoni6@skyrock.com,Female,2102.00
656,Dirk Buttress,dbuttressi7@businesswire.com,Male,6898.00
657,Heywood Drinkwater,hdrinkwateri8@bandcamp.com,Male,3009.00
658,Cristine Readshaw,creadshawi9@purevolume.com,Female,2244.00
659,Elenore Arden,eardenia@chicagotribune.com,Female,2030.00
660,Alethea Gregson,agregsonib@ihg.com,Female,3908.00
661,Marcelo Ricioppo,mricioppoic@cyberchimps.com,Male,2492.00
662,Elisha Rigmond,erigmondid@diigo.com,Male,2737.00
663,Vernor Dun,vdunie@go.com,Male,2963.00
664,Tilly Ferries,tferriesif@tuttocitta.it,Female,4249.00
665,Thomasa Dumbleton,tdumbletonig@yahoo.co.jp,Female,3106.00
666,Meaghan Ocheltree,mocheltreeih@xing.com,Female,2879.00
667,Aviva Kestell,akestellii@nsw.gov.au,Female,6378.00
668,Darwin Slocom,dslocomij@eepurl.com,Male,4983.00
669,Morly Mullaly,mmullalyik@wunderground.com,Male,3388.00
670,Karena Wilse,kwilseil@disqus.com,Female,3219.00
671,Jedediah Harcarse,jharcarseim@examiner.com,Male,4261.00
672,Pietro Obell,pobellin@google.pl,Male,3006.00
673,Erin Dur,edurio@cargocollective.com,Male,6264.00
674,Creighton Melhuish,cmelhuiship@apple.com,Male,6218.00
675,Janaya Peer,jpeeriq@youtube.com,Female,3827.00
676,Sol McClurg,smcclurgir@globo.com,Male,4759.00
677,Trudie Annandale,tannandaleis@blinklist.com,Female,2574.00
678,Curr Staining,cstainingit@usatoday.com,Male,4900.00
679,Niall Maypes,nmaypesiu@foxnews.com,Male,5741.00
680,Cate Imison,cimisoniv@g.co,Female,6545.00
681,Billi Dalziel,bdalzieliw@ameblo.jp,Female,6553.00
682,Theodora Nisen,tnisenix@umn.edu,Female,4328.00
683,Towny Tysall,ttysalliy@canalblog.com,Male,2311.00
684,Raven Thaine,rthaineiz@freewebs.com,Female,6776.00
685,Clare Niesel,cnieselj0@prnewswire.com,Male,5911.00
686,Tarrance Ennever,tenneverj1@berkeley.edu,Male,3808.00
687,Ruthie Brambley,rbrambleyj2@tinypic.com,Female,4157.00
688,Genevieve Rubel,grubelj3@list-manage.com,Female,6535.00
689,Harald Runnicles,hrunniclesj4@yolasite.com,Male,4308.00
690,Glenden Rudland,grudlandj5@blog.com,Male,5827.00
691,Alaster Merdew,amerdewj6@wix.com,Male,4388.00
692,Torrin Madge,tmadgej7@storify.com,Male,3040.00
693,Jasper Godman,jgodmanj8@weather.com,Male,6109.00
694,Stephannie Scapens,sscapensj9@plala.or.jp,Female,3117.00
695,Sergeant Shelsher,sshelsherja@istockphoto.com,Male,2390.00
696,Val Tripe,vtripejb@alexa.com,Female,5647.00
697,Nicolette Veall,nvealljc@nydailynews.com,Female,6945.00
698,Jolynn Fairbrass,jfairbrassjd@diigo.com,Female,3396.00
699,Yulma Huyge,yhuygeje@soup.io,Male,2820.00
700,Savina Thunnerclef,sthunnerclefjf@mac.com,Female,2507.00
701,Virginie Beagrie,vbeagriejg@intel.com,Female,4402.00
702,Lorettalorna Tamburi,ltamburijh@odnoklassniki.ru,Female,6518.00
703,Maryjo Byres,mbyresji@meetup.com,Female,5746.00
704,Gilly Truin,gtruinjj@umn.edu,Female,5310.00
705,Bancroft Faires,bfairesjk@sohu.com,Male,6790.00
706,Martie Rottgers,mrottgersjl@printfriendly.com,Female,6481.00
707,Muhammad Fitch,mfitchjm@so-net.ne.jp,Male,3038.00
708,Ava Habbin,ahabbinjn@aboutads.info,Female,4121.00
709,Towny Rousel,trouseljo@ucla.edu,Male,2094.00
710,Kora Wildes,kwildesjp@go.com,Female,5623.00
711,Brigitta Mallender,bmallenderjq@hibu.com,Female,6100.00
712,Janos O'Luney,joluneyjr@mapquest.com,Male,3826.00
713,Sean Manion,smanionjs@tiny.cc,Female,6678.00
714,Kinsley De Ferrari,kdejt@cam.ac.uk,Male,5724.00
715,Casi Cicconettii,ccicconettiiju@accuweather.com,Female,5867.00
716,Darryl Tregale,dtregalejv@baidu.com,Female,5925.00
717,Carlota Binley,cbinleyjw@bizjournals.com,Female,2773.00
718,Lamond Oxer,loxerjx@hostgator.com,Male,4152.00
719,Tandi Ivermee,tivermeejy@aboutads.info,Female,6731.00
720,Moss Grime,mgrimejz@vimeo.com,Male,3006.00
721,Roshelle Varne,rvarnek0@privacy.gov.au,Female,2559.00
722,Rodi Book,rbookk1@indiegogo.com,Female,6631.00
723,Rebecka Afield,rafieldk2@ning.com,Female,2900.00
724,Margalit Giacobazzi,mgiacobazzik3@youtube.com,Female,5301.00
725,Hephzibah Cockrill,hcockrillk4@house.gov,Female,3771.00
726,Cull Chapling,cchaplingk5@wired.com,Male,4265.00
727,Hanny Groll,hgrollk6@geocities.com,Female,4898.00
728,Paolina Calafate,pcalafatek7@lulu.com,Female,2864.00
729,Catharine Casaccio,ccasacciok8@etsy.com,Female,6346.00
730,Vanya Odeson,vodesonk9@tmall.com,Female,5272.00
731,Curcio Gallaher,cgallaherka@usgs.gov,Male,4653.00
732,Karie Hankard,khankardkb@merriam-webster.com,Female,5561.00
733,Katy Strood,kstroodkc@usnews.com,Female,3680.00
734,Fedora Millberg,fmillbergkd@smugmug.com,Female,4358.00
735,Clarance Playfair,cplayfairke@yellowpages.com,Male,3263.00
736,Link Boat,lboatkf@fotki.com,Male,6764.00
737,Yves Rudram,yrudramkg@livejournal.com,Male,5415.00
738,Bernete Rodolico,brodolicokh@theglobeandmail.com,Female,3863.00
739,Kale Dries,kdrieski@barnesandnoble.com,Male,6079.00
740,Willem Skelhorn,wskelhornkj@prlog.org,Male,6824.00
741,Marigold Elks,melkskk@linkedin.com,Female,2443.00
742,Fey Shrubb,fshrubbkl@ocn.ne.jp,Female,3824.00
743,Floria Sargeant,fsargeantkm@blog.com,Female,4714.00
744,Denis Chard,dchardkn@reddit.com,Male,5225.00
745,Donia Aggis,daggisko@163.com,Female,5020.00
746,Basilius Brownrigg,bbrownriggkp@elegantthemes.com,Male,3409.00
747,Susan Claypole,sclaypolekq@sciencedirect.com,Female,6400.00
748,Townsend Abbotts,tabbottskr@zimbio.com,Male,3167.00
749,Hashim Mattia,hmattiaks@about.me,Male,2083.00
750,Marlo Mawditt,mmawdittkt@harvard.edu,Female,2636.00
751,Drona Barsam,dbarsamku@canalblog.com,Female,5555.00
752,Jaime Dimitriades,jdimitriadeskv@opensource.org,Female,5044.00
753,Nilson Whopples,nwhoppleskw@nifty.com,Male,3362.00
754,Aldric Iacovides,aiacovideskx@flavors.me,Male,3166.00
755,Benedick Arniz,barnizky@house.gov,Male,2108.00
756,Marlena Coulman,mcoulmankz@loc.gov,Female,6829.00
757,Stephi Dumbar,sdumbarl0@mit.edu,Female,5929.00
758,Meryl McKibben,mmckibbenl1@scientificamerican.com,Male,5326.00
759,Laureen Rigby,lrigbyl2@narod.ru,Female,5783.00
760,Noelyn Attack,nattackl3@ted.com,Female,3230.00
761,Karisa Sueter,ksueterl4@dmoz.org,Female,3410.00
762,Jeanelle Jarrad,jjarradl5@tinypic.com,Female,2731.00
763,Mellisa Winchurst,mwinchurstl6@alexa.com,Female,5039.00
764,Hakim Godber,hgodberl7@wikispaces.com,Male,2358.00
765,Nissy Aitchinson,naitchinsonl8@imdb.com,Female,5026.00
766,Chiquia Curton,ccurtonl9@noaa.gov,Female,3532.00
767,Wolf Chong,wchongla@opensource.org,Male,3480.00
768,Lonnie Garrood,lgarroodlb@ycombinator.com,Male,4350.00
769,Angelika Giacopazzi,agiacopazzilc@naver.com,Female,4449.00
770,Kirby Yewdale,kyewdaleld@123-reg.co.uk,Male,4735.00
771,Roch Eckford,reckfordle@soundcloud.com,Female,6283.00
772,Shell Rawcliff,srawclifflf@drupal.org,Female,4812.00
773,Genvieve Kelledy,gkelledylg@youtube.com,Female,5509.00
774,Otes Wylie,owylielh@ibm.com,Male,5075.00
775,Ingamar Rutigliano,irutiglianoli@t-online.de,Male,6875.00
776,Sissy Ciobutaru,sciobutarulj@pbs.org,Female,3488.00
777,Burl Kempson,bkempsonlk@amazonaws.com,Male,3270.00
778,Silvio Pocklington,spocklingtonll@eepurl.com,Male,5294.00
779,Cal Mearing,cmearinglm@reuters.com,Female,3732.00
780,Beck Domoni,bdomoniln@nymag.com,Male,2613.00
781,Karil Dyne,kdynelo@cyberchimps.com,Female,6966.00
782,Ingamar Vodden,ivoddenlp@ustream.tv,Male,5530.00
783,Rosamond Dundon,rdundonlq@wordpress.com,Female,3085.00
784,Chester Dobkin,cdobkinlr@cargocollective.com,Male,2673.00
785,Orlan Wolfendale,owolfendalels@mozilla.com,Male,2561.00
786,Wilie Deniscke,wdenisckelt@sohu.com,Female,6953.00
787,Gregg Kacheller,gkachellerlu@wikipedia.org,Male,2169.00
788,Gerda Kensington,gkensingtonlv@columbia.edu,Female,4980.00
789,Rozelle Pinder,rpinderlw@fc2.com,Female,4854.00
790,Dagny Satford,dsatfordlx@patch.com,Male,6148.00
791,Josias Dudliston,jdudlistonly@economist.com,Male,3268.00
792,Olivia Raselles,oraselleslz@liveinternet.ru,Female,2815.00
793,Warner Tooting,wtootingm0@t-online.de,Male,2385.00
794,Karin Hounihan,khounihanm1@noaa.gov,Female,6755.00
795,Urbain Ogers,uogersm2@fotki.com,Male,2457.00
796,Adelice Cristobal,acristobalm3@blogs.com,Female,6848.00
797,Onida MacGinney,omacginneym4@com.com,Female,5954.00
798,Nicola Millership,nmillershipm5@shareasale.com,Male,3139.00
799,Orsa Yemm,oyemmm6@tripod.com,Female,6871.00
800,Winifield Gouda,wgoudam7@sbwire.com,Male,5251.00
801,Kylila Copping,kcoppingm8@networkadvertising.org,Female,4334.00
802,Dall Barrasse,dbarrassem9@oakley.com,Male,3715.00
803,Cello Aspray,casprayma@cornell.edu,Male,2229.00
804,Lazar Ambrogini,lambroginimb@elegantthemes.com,Male,5740.00
805,Caesar Silveston,csilvestonmc@ox.ac.uk,Male,6878.00
806,Nahum Bancroft,nbancroftmd@imageshack.us,Male,4255.00
807,Wash Reisin,wreisinme@barnesandnoble.com,Male,2303.00
808,Melamie Deam,mdeammf@uol.com.br,Female,6794.00
809,Devlen Beurich,dbeurichmg@scientificamerican.com,Male,2287.00
810,Kennedy McKune,kmckunemh@acquirethisname.com,Male,2595.00
811,Kizzie Maggill'Andreis,kmaggillandreismi@etsy.com,Female,2935.00
812,Alina Newport,anewportmj@weibo.com,Female,5371.00
813,Papageno Everley,peverleymk@php.net,Male,3929.00
814,Hastings Loweth,hlowethml@themeforest.net,Male,3528.00
815,Welch Du Fray,wdumm@goodreads.com,Male,6377.00
816,Kippy Wooderson,kwoodersonmn@ted.com,Female,5720.00
817,Appolonia Ivens,aivensmo@cbc.ca,Female,6876.00
818,Dieter Tonkes,dtonkesmp@fotki.com,Male,5632.00
819,Ellene Waymont,ewaymontmq@mediafire.com,Female,4097.00
820,Marybeth Cambridge,mcambridgemr@phpbb.com,Female,5612.00
821,Teodorico Rudiger,trudigerms@scientificamerican.com,Male,6686.00
822,Tammara Speer,tspeermt@state.gov,Female,4969.00
823,Libbie Templman,ltemplmanmu@booking.com,Female,6883.00
824,Joscelin Shallcrass,jshallcrassmv@photobucket.com,Female,6071.00
825,Lissy Schoular,lschoularmw@about.me,Female,5912.00
826,Shandy Wardhaugh,swardhaughmx@wufoo.com,Female,4322.00
827,Eugene Dallas,edallasmy@slashdot.org,Male,2629.00
828,Vilma Chelsom,vchelsommz@prnewswire.com,Female,5620.00
829,Luciano Antonelli,lantonellin0@alexa.com,Male,4046.00
830,Kelcey Garfath,kgarfathn1@amazon.de,Female,5634.00
831,Lazare Delicate,ldelicaten2@fastcompany.com,Male,5010.00
832,Joy Tippetts,jtippettsn3@privacy.gov.au,Female,3414.00
833,Aluin Gumery,agumeryn4@princeton.edu,Male,5281.00
834,Henderson Rawstorne,hrawstornen5@marriott.com,Male,2878.00
835,Licha Kusick,lkusickn6@drupal.org,Female,5124.00
836,Kerrill Geffen,kgeffenn7@flavors.me,Female,4965.00
837,Jessie Mellenby,jmellenbyn8@buzzfeed.com,Male,5820.00
838,Betsy Stephens,bstephensn9@yandex.ru,Female,3740.00
839,Sky Meyrick,smeyrickna@blinklist.com,Male,3527.00
840,Shurlock Rochford,srochfordnb@vistaprint.com,Male,2086.00
841,Eunice Dineen,edineennc@businessinsider.com,Female,2627.00
842,Kerry Hylden,khyldennd@tmall.com,Male,2952.00
843,Alfons Petworth,apetworthne@surveymonkey.com,Male,6560.00
844,Vivi Fourman,vfourmannf@taobao.com,Female,4193.00
845,Conant Seif,cseifng@dot.gov,Male,2713.00
846,York Janoschek,yjanoscheknh@adobe.com,Male,4563.00
847,Lura Sykes,lsykesni@cornell.edu,Female,5919.00
848,Herb Boldison,hboldisonnj@dyndns.org,Male,6912.00
849,Carroll Aumerle,caumerlenk@altervista.org,Male,4637.00
850,Mireille De Antoni,mdenl@earthlink.net,Female,6035.00
851,Sabina Marran,smarrannm@a8.net,Female,6946.00
852,Shalne Abel,sabelnn@nyu.edu,Female,3409.00
853,Price Riggeard,priggeardno@epa.gov,Male,4585.00
854,Katrine Kristufek,kkristufeknp@angelfire.com,Female,3429.00
855,Clair Gemnett,cgemnettnq@reddit.com,Male,3555.00
856,Lanny Phillip,lphillipnr@godaddy.com,Male,4706.00
857,Justinian Beeckx,jbeeckxns@imageshack.us,Male,4625.00
858,Cathrin Wolverson,cwolversonnt@devhub.com,Female,4787.00
859,Nicolina Keene,nkeenenu@topsy.com,Female,2625.00
860,Helenka Ciccone,hcicconenv@google.cn,Female,4436.00
861,Chan Stendall,cstendallnw@smugmug.com,Male,5809.00
862,Trip Coulthurst,tcoulthurstnx@fastcompany.com,Male,5275.00
863,Carroll Gilhoolie,cgilhoolieny@woothemes.com,Female,5943.00
864,Anallese Cressar,acressarnz@ed.gov,Female,4288.00
865,Anne-marie Issacof,aissacofo0@apache.org,Female,2692.00
866,Celie Cromly,ccromlyo1@census.gov,Female,4403.00
867,Dayle Cheine,dcheineo2@t.co,Female,4619.00
868,Nels de Mendoza,ndeo3@facebook.com,Male,2737.00
869,Jewel Jeckells,jjeckellso4@loc.gov,Female,3638.00
870,Ruthe Curless,rcurlesso5@cisco.com,Female,3081.00
871,Roberto Catteroll,rcatterollo6@patch.com,Male,2179.00
872,Verney Lumsdaine,vlumsdaineo7@facebook.com,Male,5470.00
873,Retha Brownsmith,rbrownsmitho8@drupal.org,Female,3525.00
874,Demetrius Firle,dfirleo9@merriam-webster.com,Male,5413.00
875,Ozzie Matokhnin,omatokhninoa@constantcontact.com,Male,3564.00
876,Alexina Shirer,ashirerob@flavors.me,Female,6464.00
877,Fredrika Stobo,fstobooc@eventbrite.com,Female,5877.00
878,Antonietta McNess,amcnessod@linkedin.com,Female,5708.00
879,Obadiah Listone,olistoneoe@fc2.com,Male,5911.00
880,Vaclav Duprey,vdupreyof@hexun.com,Male,5917.00
881,Olag Baily,obailyog@people.com.cn,Male,3665.00
882,Gwenneth Brogi,gbrogioh@cargocollective.com,Female,5114.00
883,Germaine Lundbech,glundbechoi@un.org,Male,4705.00
884,Esma Jarrel,ejarreloj@github.com,Female,6251.00
885,Gordy Forsyth,gforsythok@mit.edu,Male,3459.00
886,Shane Jozwicki,sjozwickiol@businessinsider.com,Male,5675.00
887,Emmerich Jouandet,ejouandetom@vkontakte.ru,Male,6582.00
888,Gates Skeats,gskeatson@stumbleupon.com,Female,2042.00
889,Elisha Ballston,eballstonoo@feedburner.com,Male,3943.00
890,Dido Viccars,dviccarsop@webs.com,Female,4748.00
891,Willyt Moquin,wmoquinoq@clickbank.net,Female,4523.00
892,Teddi Brood,tbroodor@wufoo.com,Female,4132.00
893,Belicia Tudbald,btudbaldos@flavors.me,Female,6139.00
894,Chelsae Aldritt,caldrittot@guardian.co.uk,Female,3619.00
895,Remus Tabor,rtaborou@globo.com,Male,6733.00
896,Cyndia Mc Gee,cmcov@tuttocitta.it,Female,6809.00
897,Guglielmo Pullar,gpullarow@nydailynews.com,Male,4966.00
898,Marmaduke Jackes,mjackesox@senate.gov,Male,5101.00
899,Winston Pauleau,wpauleauoy@independent.co.uk,Male,5175.00
900,Layton Pace,lpaceoz@earthlink.net,Male,3660.00
901,Mace Khomin,mkhominp0@yellowpages.com,Male,2877.00
902,Delly Le Grice,dlep1@tmall.com,Female,5918.00
903,Shelden Kingwell,skingwellp2@arizona.edu,Male,2509.00
904,Charley Vest,cvestp3@accuweather.com,Male,6563.00
905,Isobel Scatcher,iscatcherp4@toplist.cz,Female,3349.00
906,Allsun Jordanson,ajordansonp5@ow.ly,Female,2486.00
907,Dita Dashper,ddashperp6@xinhuanet.com,Female,3367.00
908,Lucilia Sorsbie,lsorsbiep7@booking.com,Female,3638.00
909,Lettie Eady,leadyp8@cnn.com,Female,3764.00
910,Parsifal Kedie,pkediep9@rakuten.co.jp,Male,6318.00
911,Joleen Mander,jmanderpa@histats.com,Female,6181.00
912,Charis Camellini,ccamellinipb@ameblo.jp,Female,2358.00
913,Alon Spur,aspurpc@tinyurl.com,Male,2334.00
914,Breanne Moorman,bmoormanpd@rambler.ru,Female,2431.00
915,Denni Weymouth,dweymouthpe@over-blog.com,Female,6158.00
916,Addie Reaney,areaneypf@tumblr.com,Female,2465.00
917,Brianne Curson,bcursonpg@cornell.edu,Female,6853.00
918,Maxy Fransman,mfransmanph@w3.org,Female,3761.00
919,Aidan Synke,asynkepi@army.mil,Female,3177.00
920,Charis Broxton,cbroxtonpj@earthlink.net,Female,2662.00
921,Mirelle Brittles,mbrittlespk@fotki.com,Female,3316.00
922,Amalle Smellie,asmelliepl@va.gov,Female,3757.00
923,Teddie Ewen,tewenpm@wisc.edu,Female,5878.00
924,Rouvin Maxstead,rmaxsteadpn@dmoz.org,Male,3693.00
925,Wye Starcks,wstarckspo@usa.gov,Male,4066.00
926,Leigh Hooke,lhookepp@webnode.com,Female,2219.00
927,Lucian Safe,lsafepq@mashable.com,Male,2436.00
928,Archaimbaud Roumier,aroumierpr@eventbrite.com,Male,5877.00
929,Niko Losselyong,nlosselyongps@barnesandnoble.com,Male,2363.00
930,Joyce Kimmins,jkimminspt@noaa.gov,Female,2923.00
931,Tomi Eddisford,teddisfordpu@omniture.com,Female,5526.00
932,Jonathon Richley,jrichleypv@yahoo.co.jp,Male,3111.00
933,Angie Reddick,areddickpw@dell.com,Male,4464.00
934,Calli Christofle,cchristoflepx@jiathis.com,Female,2551.00
935,Gordy Lean,gleanpy@storify.com,Male,3830.00
936,Conrado Folomkin,cfolomkinpz@businessinsider.com,Male,2701.00
937,Britney Poxson,bpoxsonq0@ovh.net,Female,6754.00
938,Rozalie Bridgewood,rbridgewoodq1@army.mil,Female,6569.00
939,Florence MacPhaden,fmacphadenq2@indiegogo.com,Female,3326.00
940,Rozanna Blaschek,rblaschekq3@earthlink.net,Female,6774.00
941,Vinnie Aurelius,vaureliusq4@noaa.gov,Male,3556.00
942,Elaina Cranstone,ecranstoneq5@1688.com,Female,5881.00
943,Wilona Perri,wperriq6@1688.com,Female,2032.00
944,Jasun Blaycock,jblaycockq7@amazon.co.uk,Male,6477.00
945,Enid Swannell,eswannellq8@youku.com,Female,3603.00
946,Cinderella Geertje,cgeertjeq9@livejournal.com,Female,3676.00
947,Demetre Hawlgarth,dhawlgarthqa@webmd.com,Male,6897.00
948,Mateo Endley,mendleyqb@squidoo.com,Male,3717.00
949,Avictor Moodey,amoodeyqc@miitbeian.gov.cn,Male,6489.00
950,Nanette Mogridge,nmogridgeqd@slashdot.org,Female,5891.00
951,Juli Angrove,jangroveqe@state.gov,Female,4969.00
952,Roobbie Kliemchen,rkliemchenqf@people.com.cn,Female,3836.00
953,Honey Kingsley,hkingsleyqg@booking.com,Female,2159.00
954,Xena Broxup,xbroxupqh@craigslist.org,Female,5755.00
955,Uri Barrim,ubarrimqi@gravatar.com,Male,4918.00
956,Roxi Doodney,rdoodneyqj@answers.com,Female,6038.00
957,Maxie Cumberbatch,mcumberbatchqk@ustream.tv,Male,2452.00
958,Karry Malling,kmallingql@elpais.com,Female,2032.00
959,Goldarina Doidge,gdoidgeqm@yellowpages.com,Female,6200.00
960,Tyson Tombling,ttomblingqn@springer.com,Male,6652.00
961,Rab Dobsons,rdobsonsqo@zdnet.com,Male,2302.00
962,Katharina Scotney,kscotneyqp@ameblo.jp,Female,6010.00
963,Rhiamon Strelitzer,rstrelitzerqq@fda.gov,Female,6878.00
964,Inger Mathewson,imathewsonqr@howstuffworks.com,Female,3435.00
965,Barrie Chittie,bchittieqs@si.edu,Female,4951.00
966,Sidonnie Pashley,spashleyqt@ucsd.edu,Female,5580.00
967,Erasmus Durtnel,edurtnelqu@constantcontact.com,Male,4800.00
968,Maribelle Trivett,mtrivettqv@deliciousdays.com,Female,6451.00
969,Gil Muglestone,gmuglestoneqw@bbb.org,Male,5120.00
970,Rriocard Potkins,rpotkinsqx@printfriendly.com,Male,5182.00
971,Bonnee Gaffney,bgaffneyqy@columbia.edu,Female,2589.00
972,L;urette Tordiffe,ltordiffeqz@usnews.com,Female,2020.00
973,Ernst Fydoe,efydoer0@nytimes.com,Male,6262.00
974,Catlaina Blockey,cblockeyr1@craigslist.org,Female,3506.00
975,Randy Brotheridge,rbrotheridger2@usatoday.com,Female,2533.00
976,Alejandro Culwen,aculwenr3@google.com.br,Male,3119.00
977,Gun Callway,gcallwayr4@lycos.com,Male,5319.00
978,Tamarra Dowle,tdowler5@weebly.com,Female,3397.00
979,Baird Martinelli,bmartinellir6@woothemes.com,Male,2216.00
980,Talya Leidecker,tleideckerr7@google.it,Female,3537.00
981,Diego Shippard,dshippardr8@ebay.com,Male,6491.00
982,Avram Gilhouley,agilhouleyr9@alexa.com,Male,6651.00
983,Delainey Blower,dblowerra@ucoz.ru,Male,3241.00
984,Kip Iacomi,kiacomirb@github.io,Male,3812.00
985,Eugenia Ferguson,efergusonrc@sitemeter.com,Female,5639.00
986,Jodi Lohan,jlohanrd@pagesperso-orange.fr,Male,5360.00
987,Trent Luce,tlucere@google.co.jp,Male,2189.00
988,Dulce Lawton,dlawtonrf@macromedia.com,Female,6398.00
989,Konstantine Gibbard,kgibbardrg@live.com,Male,5307.00
990,Bentley Hebblewaite,bhebblewaiterh@google.it,Male,4646.00
991,Gussi MacColm,gmaccolmri@biblegateway.com,Female,3950.00
992,Jonie Mussington,jmussingtonrj@gov.uk,Female,2006.00
993,Woodie Whiteford,wwhitefordrk@google.de,Male,3478.00
994,Glenn Maxsted,gmaxstedrl@auda.org.au,Male,6073.00
995,Kinna Errol,kerrolrm@dyndns.org,Female,6264.00
996,Ruth Galland,rgallandrn@cbslocal.com,Female,5656.00
997,Kim Iacovelli,kiacovelliro@weibo.com,Female,4934.00
998,Lauretta Prinett,lprinettrp@hud.gov,Female,2879.00
999,Penrod Rishman,prishmanrq@multiply.com,Male,5625.00
1000,Sim Oughtright,soughtrightrr@xinhuanet.com,Male,3974.00
